Feature,Importance
humidity,16.34903335571289
P,6.036136150360107
N,5.355814456939697
K,3.675387382507324
rainfall,3.3964831829071045
temperature,2.5695462226867676
ph,1.427988886833191
